,label_Y
0,1
1,1
2,0
3,1
4,0
5,1
6,0
7,1
8,0
9,0
10,0
11,1
12,0
13,1
14,1
15,0
16,0
17,0
18,0
19,0
20,1
21,1
22,0
23,1
24,0
25,1
26,0
27,1
28,0
29,0
30,1
31,0
32,0
33,0
34,0
35,1
36,1
37,0
38,0
39,1
40,0
41,1
42,1
43,0
44,0
45,0
46,1
47,0
48,0
49,0
50,1
51,0
52,0
53,1
54,1
55,1
56,0
57,1
58,1
59,1
60,0
61,0
62,0
63,0
64,0
65,0
66,0
67,0
68,1
69,0
70,0
71,1
72,0
73,1
74,0
75,0
76,1
77,0
78,1
79,0
80,1
81,1
82,1
83,1
84,1
85,0
86,0
87,0
88,1
89,1
90,1
91,0
92,1
93,0
94,0
95,0
96,0
97,0
98,0
99,1
100,0
101,1
102,1
103,1
104,0
105,1
106,0
107,0
108,0
109,1
110,0
111,0
112,0
113,0
114,0
115,0
116,1
117,0
118,1
119,0
120,0
121,0
122,0
123,0
124,0
125,1
126,0
127,1
128,0
129,0
130,1
131,0
132,0
133,0
134,0
135,0
136,0
137,0
138,0
139,0
140,1
141,1
142,1
143,1
144,1
145,1
146,1
147,1
148,1
149,0
150,1
151,0
152,1
153,0
154,0
155,0
156,0
157,1
158,1
159,0
160,1
161,0
162,0
163,0
164,0
165,1
166,0
167,1
168,0
169,0
170,1
171,1
172,0
173,1
174,1
175,1
176,1
177,1
178,0
179,0
180,1
181,0
182,1
183,0
184,1
185,0
186,0
187,1
188,0
189,0
190,1
191,1
192,1
193,0
194,1
195,0
196,0
197,1
198,0
199,0
200,1
201,1
202,1
203,1
204,1
205,1
206,0
207,0
208,0
209,0
210,0
211,0
212,1
213,0
214,1
215,0
216,1
217,0
218,0
219,1
220,1
221,0
222,1
223,1
224,0
225,1
226,1
227,0
228,1
229,1
230,1
231,0
232,0
233,1
234,0
235,1
236,1
237,1
238,1
239,0
240,1
241,1
242,0
243,0
244,1
245,1
246,0
247,0
248,0
249,1
250,1
251,0
252,0
253,0
254,1
255,1
256,0
257,0
258,0
259,0
260,0
261,0
262,0
263,0
264,1
265,1
266,0
267,0
268,1
269,1
270,1
271,0
272,0
273,1
274,1
275,1
276,1
277,1
278,0
279,1
280,1
281,1
282,0
283,0
284,0
285,1
286,0
287,1
288,1
289,1
290,0
291,0
292,0
293,1
294,1
295,1
296,0
297,1
298,1
299,1
300,0
301,1
302,1
303,1
304,1
305,0
306,0
307,1
308,0
309,0
310,1
311,1
312,0
313,0
314,0
315,1
316,0
317,0
318,0
319,1
320,0
321,1
322,1
323,1
324,1
325,0
326,1
327,0
328,1
329,0
330,1
331,1
332,0
333,1
334,1
335,0
336,1
337,0
338,1
339,1
340,0
341,1
342,0
343,0
344,1
345,0
346,0
347,1
348,0
349,1
350,0
351,1
352,1
353,1
354,0
355,1
356,0
357,0
358,0
359,1
360,0
361,0
362,1
363,0
364,1
365,0
366,0
367,1
368,0
369,1
370,0
371,1
372,0
373,0
374,1
375,0
376,0
377,1
378,0
379,0
380,1
381,1
382,1
383,0
384,1
385,1
386,0
387,1
388,1
389,0
390,0
391,0
392,0
393,1
394,0
395,1
396,0
397,1
398,0
399,1
400,0
401,1
402,1
403,0
404,1
405,1
406,1
407,1
408,0
409,1
410,0
411,1
412,0
413,1
414,0
415,0
416,1
417,1
418,0
419,1
420,0
421,1
422,0
423,1
424,0
425,0
426,1
427,1
428,1
429,0
430,0
431,1
432,0
433,1
434,1
435,1
436,1
437,1
438,1
439,1
440,1
441,1
442,0
443,0
444,1
445,1
446,1
447,1
448,0
449,1
450,0
451,0
452,1
453,1
454,0
455,0
456,1
457,0
458,0
459,0
460,0
461,0
462,1
463,1
464,0
465,0
466,0
467,1
468,0
469,0
470,0
471,1
472,0
473,1
474,0
475,1
476,0
477,0
478,0
479,1
480,0
481,1
482,1
483,1
484,1
485,1
486,1
487,0
488,0
489,0
490,1
491,1
492,1
493,1
494,0
495,1
496,1
497,1
498,1
499,1
500,1
501,0
502,0
503,1
504,1
505,0
506,1
507,1
508,1
509,0
510,1
511,1
512,1
513,1
514,1
515,1
516,1
517,1
518,0
519,0
520,1
521,0
522,1
523,1
524,1
525,1
526,1
527,1
528,1
529,0
530,1
531,0
532,1
533,1
534,1
535,1
536,1
537,1
538,1
539,0
540,1
541,0
542,0
543,1
544,1
545,0
546,0
547,1
548,0
549,1
550,0
551,1
552,0
553,1
554,1
555,0
556,0
557,0
558,0
559,0
560,0
561,0
562,1
563,1
564,1
565,0
566,1
567,1
568,1
569,0
570,1
571,1
572,0
573,0
574,1
575,0
576,0
577,0
578,1
579,0
580,1
581,0
582,0
583,0
584,0
585,0
586,0
587,1
588,1
589,0
590,0
591,1
592,1
593,1
594,1
595,1
596,1
597,0
598,0
599,1
600,0
601,1
602,0
603,1
604,0
605,0
606,0
607,0
608,1
609,0
610,1
611,1
612,1
613,1
614,1
615,0
616,0
617,1
618,0
619,0
620,0
621,1
622,1
623,0
624,1
625,1
626,1
627,1
628,1
629,1
630,0
631,0
632,1
633,0
634,1
635,1
636,1
637,1
638,0
639,0
640,0
641,0
642,1
643,0
644,1
645,1
646,0
647,1
648,1
649,1
650,0
651,1
652,1
653,1
654,0
655,1
656,1
657,0
658,1
659,1
660,1
661,0
662,1
663,0
664,1
665,0
666,0
667,1
668,1
669,1
670,1
671,0
672,1
673,1
674,0
675,0
676,1
677,0
678,1
679,1
680,1
681,0
682,0
683,1
684,1
685,1
686,0
687,1
688,1
689,0
690,1
691,1
692,1
693,0
694,1
695,0
696,1
697,1
698,0
699,1
700,1
701,1
702,0
703,1
704,1
705,1
706,1
707,1
708,0
709,1
710,1
711,1
712,1
713,1
714,1
715,1
716,1
717,0
718,1
719,1
720,1
721,1
722,0
723,0
724,1
725,0
726,0
727,1
728,0
729,0
730,1
731,1
732,1
733,1
734,1
735,1
736,0
737,1
738,1
739,1
740,1
741,0
742,1
743,1
744,1
745,1
746,0
747,0
748,0
749,1
750,1
751,0
752,0
753,1
754,1
755,1
756,1
757,1
758,1
759,1
760,1
761,0
762,0
763,1
764,0
765,1
766,1
767,1
768,1
769,1
770,1
771,1
772,1
773,0
774,0
775,0
776,1
777,0
778,0
779,1
780,1
781,1
782,1
783,0
784,1
785,0
786,1
787,1
788,0
789,1
790,1
791,1
792,0
793,0
794,1
795,1
796,0
797,1
798,1
799,0
800,0
801,1
802,1
803,1
804,1
805,1
806,1
807,0
808,1
809,0
810,1
811,0
812,1
813,1
814,1
815,1
816,1
817,1
818,1
819,1
820,1
821,1
822,1
823,0
824,1
825,0
826,1
827,0
828,1
829,1
830,1
831,1
832,1
833,0
834,0
835,1
836,1
837,1
838,1
839,0
840,0
841,1
842,1
843,1
844,1
845,1
846,1
847,0
848,0
849,1
850,0
851,1
852,0
853,0
854,1
855,0
856,1
857,1
858,1
859,1
860,1
861,1
862,1
863,1
864,0
865,0
866,1
867,1
868,0
869,1
870,0
871,1
872,0
873,1
874,0
875,0
876,0
877,0
878,0
879,1
880,0
881,1
882,0
883,0
884,0
885,0
886,1
887,1
888,1
889,1
890,1
891,1
892,1
893,1
894,1
895,1
896,0
897,1
898,1
899,0
900,0
901,0
902,1
903,1
904,0
905,1
906,0
907,0
908,1
909,1
910,0
911,1
912,0
913,1
914,1
915,1
916,1
917,1
918,0
919,1
920,1
921,1
922,0
923,1
924,1
925,1
926,1
927,0
928,1
929,1
930,1
931,0
932,1
933,1
934,0
935,1
936,0
937,1
938,0
939,0
940,1
941,0
942,0
943,0
944,1
945,0
946,1
947,1
948,1
949,1
950,1
951,0
952,0
953,1
954,1
955,1
956,1
957,1
958,0
959,1
960,1
961,1
962,0
963,1
964,1
965,1
966,1
967,1
968,1
969,1
970,1
971,1
972,0
973,1
974,1
975,1
976,1
977,0
978,0
979,1
980,0
981,1
982,1
983,0
984,0
985,1
986,1
987,0
988,1
989,1
990,0
991,1
992,1
993,1
994,1
995,1
996,1
997,1
998,1
999,0
1000,0
1001,0
1002,1
1003,1
1004,1
1005,0
1006,1
1007,1
1008,1
1009,0
1010,1
1011,1
1012,0
1013,1
1014,1
1015,1
1016,0
1017,0
1018,1
1019,0
1020,1
1021,1
1022,0
1023,1
1024,1
1025,1
1026,1
1027,1
1028,1
1029,1
1030,0
1031,0
1032,1
1033,1
1034,1
1035,0
1036,0
1037,0
1038,1
1039,1
1040,0
1041,1
1042,1
1043,1
1044,0
1045,0
1046,1
1047,1
1048,0
1049,1
1050,0
1051,1
1052,0
1053,1
1054,0
1055,0
1056,1
1057,1
1058,0
1059,0
1060,1
1061,0
1062,0
1063,0
1064,1
1065,0
1066,1
1067,1
1068,0
1069,1
1070,0
1071,1
1072,1
1073,0
1074,1
1075,1
1076,0
1077,0
1078,0
1079,0
1080,1
1081,1
1082,1
1083,1
1084,1
1085,0
1086,1
1087,1
1088,1
1089,0
1090,0
1091,1
1092,0
1093,0
1094,0
1095,0
1096,0
1097,1
1098,1
1099,1
1100,1
1101,0
1102,0
1103,0
1104,0
1105,1
1106,0
1107,0
1108,0
1109,0
1110,1
1111,1
1112,0
1113,1
1114,0
1115,1
1116,1
1117,1
1118,0
1119,1
1120,0
1121,1
1122,1
1123,1
1124,1
1125,0
1126,1
1127,0
1128,0
1129,0
1130,1
1131,0
1132,0
1133,0
1134,0
1135,0
1136,1
1137,1
1138,0
1139,1
1140,1
1141,1
1142,0
1143,1
1144,0
1145,1
1146,1
1147,1
1148,0
1149,0
1150,1
1151,1
1152,1
1153,1
1154,0
1155,0
1156,0
1157,0
1158,1
1159,1
1160,1
1161,1
1162,1
1163,0
1164,0
1165,0
1166,1
1167,0
1168,1
1169,1
1170,0
1171,1
1172,0
1173,1
1174,1
1175,1
1176,0
1177,1
1178,1
1179,1
1180,0
1181,1
1182,0
1183,1
1184,1
1185,1
1186,1
1187,0
1188,1
1189,0
1190,1
1191,0
1192,0
1193,1
1194,0
1195,0
1196,0
1197,1
1198,1
1199,0
1200,1
1201,1
1202,0
1203,1
1204,0
1205,1
1206,0
1207,1
1208,0
1209,0
1210,0
1211,0
1212,0
1213,0
1214,0
1215,0
1216,0
1217,0
1218,1
1219,0
1220,1
1221,0
1222,0
1223,0
1224,0
1225,0
1226,1
1227,1
1228,1
1229,1
1230,0
1231,1
1232,1
1233,0
1234,1
1235,1
1236,1
1237,1
1238,0
1239,1
1240,0
1241,1
1242,1
1243,1
1244,1
1245,0
1246,1
1247,0
1248,0
1249,1
1250,1
1251,1
1252,0
1253,1
1254,1
1255,1
1256,1
1257,0
1258,0
1259,1
1260,1
1261,0
1262,0
1263,0
1264,1
1265,1
1266,1
1267,1
1268,1
1269,1
1270,1
1271,0
1272,1
1273,1
1274,1
1275,1
1276,1
1277,0
1278,1
1279,0
1280,0
1281,0
1282,1
1283,1
1284,0
1285,1
1286,1
1287,0
1288,1
1289,0
1290,0
1291,0
1292,0
1293,1
1294,1
1295,1
1296,1
1297,1
1298,1
1299,0
1300,0
1301,0
1302,0
1303,0
1304,0
1305,1
1306,0
1307,1
1308,1
1309,0
1310,0
1311,1
1312,1
1313,0
1314,1
1315,1
1316,1
1317,1
1318,1
1319,0
1320,1
1321,0
1322,1
1323,1
1324,0
1325,1
1326,0
1327,1
1328,1
1329,0
1330,1
1331,1
1332,1
1333,1
1334,0
1335,0
1336,1
1337,1
1338,1
1339,1
1340,1
1341,0
1342,1
1343,1
1344,1
1345,0
1346,0
1347,1
1348,1
1349,0
1350,0
1351,0
1352,1
1353,0
1354,1
1355,1
1356,0
1357,1
1358,1
1359,0
1360,1
1361,1
1362,1
1363,0
1364,1
1365,0
1366,1
1367,0
1368,0
1369,1
1370,1
1371,0
1372,1
1373,0
1374,1
1375,1
1376,0
1377,1
1378,1
1379,0
1380,1
1381,0
1382,0
1383,1
1384,1
1385,0
1386,1
1387,0
1388,1
1389,0
1390,1
1391,1
1392,1
1393,0
1394,1
1395,0
1396,0
1397,0
1398,1
1399,0
1400,0
1401,1
1402,1
1403,0
1404,0
1405,1
1406,1
1407,1
1408,1
1409,1
1410,1
1411,0
1412,1
1413,1
1414,1
1415,0
1416,1
1417,0
1418,1
1419,1
1420,0
1421,1
1422,0
1423,0
1424,1
1425,0
1426,1
1427,0
1428,1
1429,0
1430,1
1431,0
1432,0
1433,1
1434,0
1435,1
1436,1
1437,1
1438,1
1439,1
1440,0
1441,1
1442,1
1443,1
1444,1
1445,1
1446,0
1447,1
1448,0
1449,1
1450,0
1451,1
1452,0
1453,0
1454,1
1455,0
1456,0
1457,1
1458,1
1459,1
1460,0
1461,1
1462,1
1463,1
1464,0
1465,1
1466,1
1467,1
1468,1
1469,1
1470,1
1471,1
1472,1
1473,1
1474,0
1475,1
1476,1
1477,1
1478,0
1479,1
1480,1
1481,1
1482,1
1483,1
1484,1
1485,0
1486,1
1487,1
1488,1
1489,1
1490,0
1491,0
1492,1
1493,0
1494,1
1495,0
1496,1
1497,0
1498,1
1499,0
1500,1
1501,1
1502,1
1503,0
1504,1
1505,1
1506,1
1507,1
1508,1
1509,1
1510,0
1511,1
1512,1
1513,1
1514,0
1515,1
1516,1
1517,0
1518,0
1519,1
1520,1
1521,1
1522,1
1523,0
1524,1
1525,0
1526,0
1527,1
1528,1
1529,1
1530,1
1531,0
1532,1
1533,1
1534,0
1535,1
1536,0
1537,1
1538,0
1539,0
1540,1
1541,1
1542,1
1543,1
1544,1
1545,0
1546,0
1547,1
1548,0
1549,1
1550,1
1551,1
1552,0
1553,1
1554,0
1555,1
1556,0
1557,1
1558,1
1559,0
1560,1
1561,0
1562,0
1563,1
1564,0
1565,0
1566,1
1567,1
1568,0
1569,0
1570,1
1571,0
1572,0
1573,1
1574,0
1575,1
1576,0
1577,0
1578,0
1579,1
1580,1
1581,1
1582,1
1583,0
1584,0
1585,1
1586,0
1587,0
1588,1
1589,0
1590,1
1591,1
1592,0
1593,0
1594,0
1595,0
1596,0
1597,0
1598,1
1599,0
1600,0
1601,0
1602,0
1603,1
1604,1
1605,1
1606,0
1607,1
1608,0
1609,1
1610,1
1611,1
1612,1
1613,0
1614,1
1615,1
1616,1
1617,1
1618,0
1619,0
1620,0
1621,0
1622,0
1623,0
1624,1
1625,0
1626,1
1627,0
1628,1
1629,0
1630,0
1631,1
1632,1
1633,1
1634,1
1635,1
1636,1
1637,1
1638,1
1639,1
1640,1
1641,1
1642,0
1643,1
1644,0
1645,0
1646,0
1647,1
1648,0
1649,1
1650,0
1651,1
1652,0
1653,0
1654,0
1655,0
1656,0
1657,1
1658,1
1659,0
1660,1
1661,1
1662,0
1663,0
1664,0
1665,0
1666,1
1667,0
1668,0
1669,1
1670,0
1671,1
1672,0
1673,0
1674,0
1675,1
1676,0
1677,0
1678,1
1679,1
1680,1
1681,1
1682,1
1683,1
1684,1
1685,0
1686,1
1687,1
1688,1
1689,1
1690,0
1691,1
1692,0
1693,1
1694,1
1695,1
1696,1
1697,0
1698,1
1699,0
1700,0
1701,1
1702,0
1703,0
1704,1
1705,0
1706,0
1707,1
1708,0
1709,0
1710,0
1711,1
1712,0
1713,0
1714,1
1715,0
1716,0
1717,1
1718,0
1719,1
1720,1
1721,0
1722,0
1723,1
1724,1
1725,1
1726,0
1727,1
1728,1
1729,1
1730,0
1731,0
1732,1
1733,1
1734,0
1735,0
1736,0
1737,1
1738,0
1739,0
1740,1
1741,1
1742,1
1743,0
1744,0
1745,1
1746,1
1747,0
1748,1
1749,1
1750,1
1751,1
1752,0
1753,1
1754,0
1755,0
1756,0
1757,1
1758,1
1759,1
1760,0
1761,0
1762,1
1763,1
1764,0
1765,1
1766,1
1767,1
1768,0
1769,1
1770,0
1771,1
1772,1
1773,0
1774,0
1775,0
1776,1
1777,1
1778,0
1779,1
1780,0
1781,0
1782,1
1783,1
1784,1
1785,1
1786,1
1787,1
1788,0
1789,1
1790,1
1791,0
1792,1
1793,0
1794,1
1795,1
1796,1
1797,0
1798,0
1799,1
1800,1
1801,0
1802,1
1803,1
1804,1
1805,0
1806,1
1807,1
1808,1
1809,1
1810,0
1811,1
1812,0
1813,0
1814,0
1815,0
1816,0
1817,0
1818,0
1819,0
1820,1
1821,0
1822,0
1823,1
1824,0
1825,0
1826,1
1827,1
1828,0
1829,0
1830,0
1831,1
1832,0
1833,1
1834,0
1835,1
1836,0
1837,1
1838,0
1839,1
1840,1
1841,1
1842,1
1843,1
1844,0
1845,1
1846,1
1847,1
1848,1
1849,0
1850,1
1851,0
1852,0
1853,1
1854,0
1855,1
1856,1
1857,0
1858,0
1859,1
1860,0
1861,1
1862,1
1863,1
1864,0
1865,0
1866,1
1867,0
1868,0
1869,0
1870,1
1871,0
1872,0
1873,1
1874,1
1875,1
1876,1
1877,0
1878,0
1879,1
1880,1
1881,1
1882,1
1883,0
1884,1
1885,0
1886,0
1887,1
1888,1
1889,0
1890,0
1891,1
1892,1
1893,1
1894,0
1895,0
1896,0
1897,0
1898,1
1899,1
1900,1
1901,1
1902,1
1903,0
1904,0
1905,0
1906,0
1907,1
1908,0
1909,1
1910,1
1911,1
1912,1
1913,1
1914,1
1915,1
1916,1
1917,0
1918,0
1919,1
1920,1
1921,1
1922,0
1923,0
1924,1
1925,1
1926,0
1927,1
1928,1
1929,1
1930,1
1931,1
1932,1
1933,1
1934,0
1935,1
1936,0
1937,0
1938,1
1939,0
1940,0
1941,0
1942,0
1943,1
1944,1
1945,0
1946,1
1947,0
1948,0
1949,0
1950,1
1951,0
1952,1
1953,1
1954,1
1955,1
1956,1
1957,1
1958,1
1959,1
1960,0
1961,0
1962,1
1963,0
1964,1
1965,0
1966,1
1967,0
1968,0
1969,1
1970,1
1971,1
1972,1
1973,1
1974,1
1975,1
1976,0
1977,1
1978,0
1979,1
1980,0
1981,1
1982,0
1983,0
1984,1
1985,1
1986,1
1987,0
1988,1
1989,1
1990,1
1991,1
1992,1
1993,1
1994,1
1995,1
1996,0
1997,1
1998,0
1999,1
2000,1
2001,1
2002,0
2003,0
2004,1
2005,1
2006,1
2007,1
2008,0
2009,0
2010,1
2011,1
2012,0
2013,0
2014,1
2015,0
2016,0
2017,1
2018,1
2019,0
2020,0
2021,1
2022,1
2023,1
2024,1
2025,0
2026,1
2027,1
2028,1
2029,0
2030,0
2031,0
2032,1
2033,1
2034,1
2035,1
2036,0
2037,1
2038,1
2039,0
2040,0
2041,1
2042,0
2043,1
2044,1
2045,1
2046,1
2047,0
2048,0
2049,0
2050,1
2051,1
2052,1
2053,1
2054,1
2055,1
2056,0
2057,1
2058,1
2059,1
2060,0
2061,0
2062,0
2063,1
2064,1
2065,1
2066,0
2067,1
2068,1
2069,1
2070,1
2071,1
2072,1
2073,0
2074,1
2075,1
2076,1
2077,1
2078,1
2079,1
2080,1
2081,1
2082,0
2083,0
2084,0
2085,1
2086,1
2087,0
2088,1
2089,0
2090,1
2091,1
2092,0
2093,1
2094,0
2095,1
2096,0
2097,1
2098,1
2099,0
2100,0
2101,0
2102,1
2103,0
2104,1
2105,1
2106,1
2107,1
2108,0
2109,1
2110,1
2111,1
2112,1
2113,1
2114,1
2115,1
2116,1
2117,0
2118,1
2119,1
2120,0
2121,1
2122,1
2123,0
2124,0
2125,0
2126,1
2127,0
2128,1
2129,1
2130,1
2131,1
2132,1
2133,1
2134,1
2135,0
2136,1
2137,1
2138,1
2139,1
2140,1
2141,1
2142,1
2143,1
2144,0
2145,0
2146,0
2147,1
2148,1
2149,1
2150,1
2151,0
2152,1
2153,1
2154,0
2155,0
2156,0
2157,1
2158,1
2159,1
2160,0
2161,1
2162,1
2163,0
2164,0
2165,1
2166,1
2167,0
2168,1
2169,0
2170,0
2171,1
2172,1
2173,0
2174,0
2175,0
2176,1
2177,0
2178,0
2179,0
2180,0
2181,1
2182,0
2183,1
2184,1
2185,1
2186,0
2187,1
2188,1
2189,1
2190,1
2191,0
2192,1
2193,1
2194,0
2195,0
2196,1
2197,1
2198,0
2199,0
2200,0
2201,0
2202,1
2203,0
2204,0
2205,1
2206,1
2207,1
2208,1
2209,0
2210,0
2211,1
2212,1
2213,1
2214,0
2215,1
2216,0
2217,0
2218,0
2219,0
2220,1
2221,1
2222,0
2223,1
2224,0
2225,1
2226,1
2227,1
2228,0
2229,0
2230,0
2231,1
2232,0
2233,1
2234,1
2235,1
2236,0
2237,0
2238,0
2239,1
2240,0
2241,1
2242,1
2243,0
2244,1
2245,1
2246,0
2247,1
2248,0
2249,1
2250,1
2251,1
2252,1
2253,0
2254,1
2255,1
2256,1
2257,1
2258,1
2259,0
2260,1
2261,0
2262,0
2263,0
2264,0
2265,0
2266,1
2267,0
2268,1
2269,1
2270,0
2271,1
2272,1
2273,1
2274,0
2275,1
2276,1
2277,1
2278,1
2279,1
2280,1
2281,1
2282,1
2283,1
2284,1
2285,1
2286,1
2287,1
2288,0
2289,1
2290,0
2291,1
2292,0
2293,1
2294,0
2295,0
2296,0
2297,1
2298,1
2299,1
2300,0
2301,0
2302,0
2303,0
2304,1
2305,0
2306,0
2307,1
2308,1
2309,1
2310,1
2311,1
2312,1
2313,1
2314,1
2315,0
2316,1
2317,1
2318,1
2319,0
2320,1
2321,1
2322,1
2323,0
2324,1
2325,1
2326,0
2327,1
2328,1
2329,0
2330,0
2331,0
2332,1
2333,1
2334,1
2335,0
2336,1
2337,0
2338,1
2339,1
2340,1
2341,1
2342,1
2343,1
2344,0
2345,1
2346,1
2347,0
2348,1
2349,1
2350,1
2351,1
2352,0
2353,0
2354,0
2355,1
2356,1
2357,1
2358,1
2359,0
2360,1
2361,0
2362,1
2363,0
2364,1
2365,1
2366,0
2367,0
2368,1
2369,0
2370,1
2371,1
2372,0
2373,1
2374,0
2375,1
2376,0
2377,0
2378,0
2379,1
2380,1
2381,1
2382,1
2383,0
2384,1
2385,1
2386,1
2387,0
2388,1
2389,1
2390,1
2391,0
2392,1
2393,1
2394,1
2395,1
2396,0
2397,1
2398,1
2399,1
2400,1
2401,1
2402,1
2403,1
2404,1
2405,0
2406,0
2407,1
2408,1
2409,1
2410,1
2411,1
2412,1
2413,1
2414,1
2415,1
2416,0
2417,1
2418,1
2419,1
2420,0
2421,1
2422,1
2423,1
2424,0
2425,0
2426,0
2427,1
2428,1
2429,1
2430,0
2431,1
2432,1
2433,1
2434,1
2435,0
2436,1
2437,1
2438,1
2439,1
2440,1
2441,1
2442,0
2443,1
2444,1
2445,0
2446,1
2447,0
2448,0
2449,1
2450,0
2451,0
2452,1
2453,0
2454,1
2455,1
2456,0
2457,1
2458,0
2459,1
2460,1
2461,0
2462,1
2463,1
2464,0
2465,1
2466,0
2467,0
2468,0
2469,1
2470,1
2471,1
2472,1
2473,0
2474,0
2475,1
2476,0
2477,1
2478,0
2479,1
2480,1
2481,1
2482,1
2483,1
2484,0
2485,0
2486,0
2487,1
2488,0
2489,1
2490,1
2491,1
2492,1
2493,0
2494,0
2495,0
2496,0
2497,1
2498,1
2499,0
2500,1
2501,1
2502,0
2503,1
2504,1
2505,1
2506,0
2507,1
2508,1
2509,1
2510,1
2511,1
2512,1
2513,1
2514,1
2515,1
2516,1
2517,1
2518,1
2519,0
2520,0
2521,0
2522,1
2523,0
2524,1
2525,0
2526,1
2527,0
2528,1
2529,1
2530,0
2531,1
2532,1
2533,1
2534,0
2535,1
2536,1
2537,1
2538,1
2539,1
2540,0
2541,0
2542,1
2543,1
2544,1
2545,0
2546,1
2547,0
2548,1
2549,1
2550,1
2551,1
2552,1
2553,0
2554,1
2555,0
2556,1
2557,0
2558,1
2559,1
2560,1
2561,0
2562,1
2563,1
2564,1
2565,1
2566,0
2567,1
2568,0
2569,0
2570,1
2571,0
2572,0
2573,1
2574,0
2575,1
2576,1
2577,1
2578,1
2579,0
2580,1
2581,0
2582,1
2583,1
2584,0
2585,1
2586,0
2587,0
2588,0
2589,1
2590,1
2591,1
2592,1
2593,1
2594,1
2595,0
2596,1
2597,0
2598,1
2599,0
2600,0
2601,0
2602,1
2603,0
2604,0
2605,0
2606,1
2607,1
2608,0
2609,1
2610,1
2611,1
2612,1
2613,1
2614,0
2615,1
2616,1
2617,0
2618,0
2619,1
2620,1
2621,0
2622,1
2623,1
2624,0
2625,1
2626,1
2627,0
2628,0
2629,1
2630,1
2631,0
2632,1
2633,1
2634,0
2635,1
2636,0
2637,1
2638,1
2639,1
2640,0
2641,0
2642,1
2643,1
2644,0
2645,0
2646,0
2647,1
2648,1
2649,0
2650,0
2651,1
2652,1
2653,1
2654,1
2655,1
2656,0
2657,0
2658,1
2659,1
2660,0
2661,1
2662,0
2663,1
2664,1
2665,0
2666,1
2667,0
2668,0
2669,1
2670,1
2671,1
2672,0
2673,1
2674,1
2675,1
2676,0
2677,1
2678,1
2679,1
2680,0
2681,1
2682,1
2683,1
2684,0
2685,1
2686,1
2687,1
2688,1
2689,1
2690,1
2691,1
2692,1
2693,1
2694,1
2695,0
2696,1
2697,1
2698,0
2699,1
2700,1
2701,0
2702,0
2703,0
2704,1
2705,1
2706,0
2707,0
2708,1
2709,1
2710,1
2711,1
2712,1
2713,1
2714,0
2715,1
2716,1
2717,1
2718,1
2719,0
2720,0
2721,1
2722,0
2723,1
2724,1
2725,1
2726,1
2727,1
2728,1
2729,0
2730,1
2731,0
2732,1
2733,0
2734,1
2735,1
2736,1
2737,1
2738,1
2739,1
2740,1
2741,1
2742,0
2743,1
2744,0
2745,1
2746,1
2747,1
2748,0
2749,1
2750,1
2751,1
2752,0
2753,1
2754,0
2755,1
2756,1
2757,1
2758,0
2759,1
2760,1
2761,1
2762,0
2763,1
2764,1
2765,0
2766,1
2767,1
2768,1
2769,0
2770,1
2771,1
2772,1
2773,0
2774,1
2775,0
2776,1
2777,1
2778,1
2779,0
2780,1
2781,0
2782,1
2783,1
2784,1
2785,1
2786,1
2787,1
2788,0
2789,1
2790,0
2791,1
2792,1
2793,0
2794,0
2795,1
2796,1
2797,0
2798,1
2799,0
2800,1
2801,0
2802,1
2803,0
2804,1
2805,1
2806,0
2807,1
2808,1
2809,1
2810,1
2811,0
2812,0
2813,1
2814,1
2815,1
2816,0
2817,1
2818,1
2819,1
2820,0
2821,1
2822,1
2823,1
2824,0
2825,1
2826,1
2827,1
2828,1
2829,1
2830,0
2831,0
2832,0
2833,0
2834,1
2835,1
2836,0
2837,0
2838,0
2839,0
2840,0
2841,0
2842,1
2843,1
2844,1
2845,1
2846,0
2847,1
2848,1
2849,1
2850,0
2851,1
2852,1
2853,0
2854,0
2855,0
2856,1
2857,0
2858,0
2859,1
2860,0
2861,1
2862,1
2863,1
2864,0
2865,1
2866,1
2867,1
2868,0
2869,0
2870,1
2871,1
2872,1
2873,0
2874,0
2875,1
2876,0
2877,1
2878,1
2879,0
2880,1
2881,0
2882,1
2883,0
2884,1
2885,0
2886,0
2887,0
2888,0
2889,0
2890,1
2891,0
2892,1
2893,1
2894,1
2895,1
2896,0
2897,1
2898,1
2899,0
2900,1
2901,0
2902,1
2903,0
2904,1
2905,1
2906,1
2907,0
2908,0
2909,0
2910,0
2911,1
2912,1
2913,0
2914,0
2915,0
2916,0
2917,1
2918,1
2919,1
2920,1
2921,1
2922,1
2923,1
2924,0
2925,1
2926,0
2927,1
2928,0
2929,0
2930,1
2931,0
2932,0
2933,1
2934,1
2935,0
2936,0
2937,0
2938,1
2939,1
2940,1
2941,1
2942,0
2943,1
2944,0
2945,0
2946,1
2947,0
2948,0
2949,0
2950,1
2951,0
2952,1
2953,1
2954,1
2955,1
2956,0
2957,1
2958,1
2959,0
2960,1
2961,0
2962,0
2963,1
2964,0
2965,0
2966,1
2967,0
2968,1
2969,0
2970,1
2971,1
2972,1
2973,1
2974,0
2975,1
2976,0
2977,1
2978,1
2979,0
2980,1
2981,1
2982,1
2983,1
2984,1
2985,1
2986,0
2987,1
2988,0
2989,1
2990,1
2991,1
2992,0
2993,1
2994,1
2995,1
2996,0
2997,1
2998,1
2999,0
3000,1
3001,1
3002,1
3003,0
3004,1
3005,0
3006,0
3007,0
3008,1
3009,0
3010,1
3011,1
3012,1
3013,1
3014,1
3015,0
3016,1
3017,0
3018,1
3019,1
3020,1
3021,0
3022,1
3023,1
3024,0
3025,1
3026,1
3027,1
3028,1
3029,0
3030,0
3031,1
3032,1
3033,0
3034,1
3035,0
3036,1
3037,1
3038,1
3039,0
3040,0
3041,1
3042,1
3043,1
3044,1
3045,0
3046,1
3047,1
3048,0
3049,1
3050,1
3051,1
3052,0
3053,1
3054,0
3055,1
3056,0
3057,1
3058,1
3059,0
3060,1
3061,1
3062,1
3063,0
3064,1
3065,1
3066,1
3067,0
3068,0
3069,0
3070,0
3071,0
3072,1
3073,0
3074,1
3075,1
3076,0
3077,0
3078,1
3079,1
3080,1
3081,1
3082,1
3083,1
3084,1
3085,0
3086,1
3087,1
3088,1
3089,1
3090,1
3091,0
3092,0
3093,1
3094,0
3095,1
3096,1
3097,0
3098,1
3099,1
3100,1
3101,1
3102,1
3103,0
3104,0
3105,1
3106,0
3107,0
3108,0
3109,1
3110,1
3111,1
3112,1
3113,1
3114,0
3115,1
3116,1
3117,1
3118,1
3119,1
3120,0
3121,1
3122,0
3123,0
3124,0
3125,1
3126,0
3127,1
3128,1
3129,0
3130,1
3131,1
3132,1
3133,1
3134,1
3135,1
3136,0
3137,1
3138,0
3139,1
3140,1
3141,1
3142,1
3143,0
3144,1
3145,1
3146,1
3147,0
3148,0
3149,1
3150,1
3151,1
3152,1
3153,1
3154,1
3155,0
3156,0
3157,0
3158,1
3159,1
3160,1
3161,0
3162,0
3163,1
3164,0
3165,0
3166,0
3167,1
3168,0
3169,1
3170,0
3171,1
3172,1
3173,1
3174,1
3175,1
3176,1
3177,1
3178,0
3179,1
3180,1
3181,0
3182,0
3183,1
3184,0
3185,1
3186,1
3187,1
3188,1
3189,0
3190,0
3191,1
3192,0
3193,1
3194,1
3195,1
3196,1
3197,0
3198,1
3199,1
3200,1
3201,1
3202,0
3203,0
3204,1
3205,1
3206,0
3207,0
3208,1
3209,1
3210,1
3211,1
3212,1
3213,0
3214,1
3215,1
3216,1
3217,0
3218,0
3219,0
3220,0
3221,1
3222,1
3223,1
3224,1
3225,1
3226,0
3227,1
3228,0
3229,1
3230,0
3231,1
3232,0
3233,0
3234,0
3235,1
3236,0
3237,1
3238,1
3239,0
3240,1
3241,0
3242,0
3243,1
3244,1
3245,0
3246,0
3247,0
3248,1
3249,1
3250,0
3251,1
3252,1
3253,1
3254,0
3255,0
3256,0
3257,1
3258,1
3259,1
3260,1
3261,1
3262,0
3263,1
3264,1
3265,0
3266,1
3267,1
3268,0
3269,1
3270,0
3271,0
3272,0
3273,0
3274,0
3275,1
3276,0
3277,1
3278,0
3279,1
3280,1
3281,1
3282,1
3283,0
3284,1
3285,0
3286,1
3287,1
3288,1
3289,1
3290,1
3291,0
3292,0
3293,0
3294,0
3295,1
3296,0
3297,1
3298,1
3299,0
3300,1
3301,1
3302,1
3303,1
3304,1
3305,1
3306,1
3307,0
3308,1
3309,1
3310,0
3311,0
3312,1
3313,1
3314,1
3315,1
3316,1
3317,1
3318,1
3319,1
3320,1
3321,0
3322,1
3323,1
3324,0
3325,0
3326,1
3327,1
3328,1
3329,0
3330,1
3331,0
3332,1
3333,1
3334,1
3335,1
3336,0
3337,1
3338,1
3339,1
3340,1
3341,0
3342,0
3343,1
3344,1
3345,1
3346,1
3347,1
3348,1
3349,0
3350,1
3351,1
3352,1
3353,1
3354,1
3355,0
3356,1
3357,0
3358,0
3359,1
3360,1
3361,0
3362,1
3363,1
3364,0
3365,1
3366,0
3367,0
3368,1
3369,0
3370,1
3371,1
3372,0
3373,1
3374,1
3375,1
3376,1
3377,0
3378,1
3379,0
3380,1
3381,0
3382,1
3383,0
3384,0
3385,1
3386,1
3387,1
3388,1
3389,1
3390,0
3391,1
3392,0
3393,1
3394,1
3395,0
3396,1
3397,0
3398,1
3399,1
3400,1
3401,1
3402,0
3403,1
3404,1
3405,0
3406,1
3407,1
3408,1
3409,0
3410,0
3411,1
3412,1
3413,1
3414,1
3415,1
3416,1
3417,1
3418,1
3419,1
3420,1
3421,1
3422,1
3423,0
3424,1
3425,1
3426,1
3427,1
3428,0
3429,1
3430,1
3431,0
3432,1
3433,1
3434,1
3435,1
3436,0
3437,1
3438,1
3439,0
3440,1
3441,1
3442,1
3443,1
3444,1
3445,0
3446,1
3447,1
3448,0
3449,0
3450,0
3451,0
3452,1
3453,1
3454,1
3455,0
3456,1
3457,1
3458,0
3459,1
3460,0
3461,1
3462,1
3463,1
3464,1
3465,1
3466,1
3467,0
3468,0
3469,1
3470,1
3471,1
3472,0
3473,1
3474,1
3475,0
3476,1
3477,1
3478,1
3479,1
3480,0
3481,0
3482,1
3483,1
3484,1
3485,1
3486,0
3487,0
3488,1
3489,1
3490,0
3491,0
3492,1
3493,1
3494,1
3495,0
3496,1
3497,0
3498,1
3499,0
3500,0
3501,1
3502,1
3503,0
3504,0
3505,0
3506,1
3507,0
3508,0
3509,0
3510,1
3511,1
3512,1
3513,0
3514,1
3515,1
3516,1
3517,0
3518,1
3519,1
3520,1
3521,1
3522,1
3523,1
3524,0
3525,1
3526,1
3527,1
3528,1
3529,1
3530,1
3531,1
3532,1
3533,1
3534,1
3535,0
3536,1
3537,1
3538,0
3539,1
3540,1
3541,1
3542,1
3543,1
3544,1
3545,1
3546,0
3547,0
3548,1
3549,0
3550,0
3551,0
3552,1
3553,0
3554,0
3555,0
3556,1
3557,1
3558,1
3559,1
3560,0
3561,1
3562,1
3563,0
3564,0
3565,1
3566,1
3567,1
3568,0
3569,1
3570,0
3571,1
3572,0
3573,1
3574,1
3575,1
3576,1
3577,0
3578,1
3579,1
3580,1
3581,0
3582,0
3583,0
3584,0
3585,1
3586,0
3587,0
3588,0
3589,0
3590,0
3591,1
3592,0
3593,1
3594,0
3595,1
3596,1
3597,0
3598,1
3599,0
3600,0
3601,1
3602,0
3603,1
3604,0
3605,1
3606,1
3607,0
3608,0
3609,1
3610,1
3611,1
3612,1
3613,1
3614,1
3615,1
3616,1
3617,0
3618,1
3619,1
3620,0
3621,1
3622,0
3623,1
3624,1
3625,1
3626,1
3627,1
3628,1
3629,0
3630,0
3631,0
3632,0
3633,0
3634,1
3635,0
3636,0
3637,1
3638,0
3639,0
3640,0
3641,1
3642,1
3643,0
3644,1
3645,0
3646,1
3647,0
3648,1
3649,1
3650,1
3651,1
3652,1
3653,0
3654,0
3655,1
3656,0
3657,1
3658,1
3659,1
3660,1
3661,1
3662,0
3663,1
3664,1
3665,0
3666,1
3667,1
3668,1
3669,0
3670,1
3671,1
3672,1
3673,0
3674,1
3675,1
3676,1
3677,0
3678,0
3679,1
3680,1
3681,1
3682,1
3683,0
3684,1
3685,0
3686,1
3687,0
3688,1
3689,0
3690,1
3691,0
3692,1
3693,0
3694,0
3695,1
3696,1
3697,0
3698,1
3699,1
3700,1
3701,0
3702,1
3703,0
3704,1
3705,0
3706,0
3707,1
3708,1
3709,1
3710,1
3711,0
3712,1
3713,0
3714,1
3715,1
3716,1
3717,0
3718,0
3719,0
3720,0
3721,0
3722,0
3723,1
3724,0
3725,0
3726,0
3727,1
3728,1
3729,1
3730,1
3731,0
3732,0
3733,1
3734,1
3735,0
3736,1
3737,0
3738,0
3739,1
3740,1
3741,0
3742,1
3743,1
3744,1
3745,0
3746,0
3747,1
3748,0
3749,0
3750,1
3751,0
3752,0
3753,1
3754,1
3755,1
3756,0
3757,0
3758,1
3759,1
3760,1
3761,0
3762,1
3763,1
3764,1
3765,0
3766,0
3767,1
3768,1
3769,0
3770,1
3771,0
3772,0
3773,0
3774,1
3775,0
3776,1
3777,1
3778,1
3779,1
3780,0
3781,1
3782,1
3783,0
3784,1
3785,1
3786,1
3787,1
3788,1
3789,1
3790,1
3791,1
3792,1
3793,1
3794,1
3795,1
3796,1
3797,1
3798,1
3799,1
3800,1
3801,1
3802,1
3803,1
3804,1
3805,1
3806,0
3807,1
3808,1
3809,1
3810,1
3811,0
3812,0
3813,1
3814,1
3815,1
3816,1
3817,1
3818,1
3819,1
3820,1
3821,1
3822,1
3823,1
3824,1
3825,1
3826,0
3827,1
3828,1
3829,0
3830,1
3831,1
3832,1
3833,1
3834,1
3835,1
3836,0
3837,1
3838,0
3839,1
3840,1
3841,1
3842,0
3843,1
3844,1
3845,1
3846,0
3847,1
3848,1
3849,1
3850,1
3851,0
3852,0
3853,1
3854,1
3855,0
3856,0
3857,0
3858,0
3859,0
3860,0
3861,0
3862,1
3863,1
3864,1
3865,1
3866,0
3867,1
3868,0
3869,1
3870,1
3871,1
3872,1
3873,0
3874,1
3875,1
3876,1
3877,0
3878,1
3879,1
3880,0
3881,1
3882,1
3883,0
3884,1
3885,0
3886,1
3887,1
3888,0
3889,1
3890,0
3891,0
3892,0
3893,1
3894,0
3895,1
3896,1
3897,1
3898,0
3899,0
3900,1
3901,1
3902,1
3903,0
3904,0
3905,0
3906,1
3907,0
3908,1
3909,1
3910,0
3911,1
3912,1
3913,0
3914,0
3915,1
3916,1
3917,0
3918,0
3919,0
3920,1
3921,1
3922,0
3923,0
3924,1
3925,0
3926,1
3927,0
3928,1
3929,0
3930,1
3931,1
3932,1
3933,0
3934,1
3935,1
3936,0
3937,0
3938,1
3939,1
3940,1
3941,0
3942,0
3943,1
3944,0
3945,1
3946,1
3947,1
3948,0
3949,1
3950,1
3951,1
3952,1
3953,1
3954,0
3955,0
3956,1
3957,1
3958,1
3959,1
3960,1
3961,0
3962,1
3963,1
3964,1
3965,0
3966,0
3967,0
3968,1
3969,1
3970,0
3971,0
3972,1
3973,1
3974,1
3975,0
3976,0
3977,0
3978,1
3979,1
3980,1
3981,0
3982,1
3983,0
3984,0
3985,0
3986,1
3987,1
3988,1
3989,0
3990,1
3991,1
3992,1
3993,1
3994,0
3995,1
3996,1
3997,0
3998,0
3999,0
4000,1
4001,1
4002,1
4003,0
4004,1
4005,0
4006,0
4007,0
4008,1
4009,1
4010,0
4011,0
4012,1
4013,0
4014,1
4015,1
4016,1
4017,0
4018,1
4019,1
4020,1
4021,1
4022,0
4023,1
4024,0
4025,1
4026,0
4027,0
4028,1
4029,1
4030,1
4031,0
4032,0
4033,1
4034,1
4035,0
4036,1
4037,0
4038,0
4039,1
4040,1
4041,0
4042,1
4043,1
4044,1
4045,1
4046,1
4047,1
4048,1
4049,1
4050,1
4051,1
4052,0
4053,1
4054,1
4055,1
4056,0
4057,1
4058,1
4059,1
4060,0
4061,0
4062,1
4063,1
4064,1
4065,1
4066,0
4067,1
4068,0
4069,0
4070,1
4071,1
4072,1
4073,1
4074,1
4075,1
4076,0
4077,1
4078,1
4079,1
4080,0
4081,0
4082,0
4083,0
4084,1
4085,1
4086,0
4087,0
4088,1
4089,1
4090,1
4091,1
4092,1
4093,0
4094,0
4095,1
4096,1
4097,1
4098,0
4099,1
4100,1
4101,0
4102,1
4103,0
4104,1
4105,1
4106,0
4107,0
4108,1
4109,1
4110,1
4111,0
4112,0
4113,0
4114,0
4115,0
4116,0
4117,1
4118,0
4119,1
4120,1
4121,1
4122,1
4123,1
4124,0
4125,0
4126,1
4127,1
4128,0
4129,1
4130,0
4131,1
4132,1
4133,1
4134,0
4135,1
4136,1
4137,1
4138,1
4139,0
4140,1
4141,1
4142,1
4143,0
4144,1
4145,1
4146,1
4147,0
4148,1
4149,0
4150,0
4151,1
4152,1
4153,1
4154,0
4155,1
4156,0
4157,0
4158,1
4159,0
4160,1
4161,1
4162,1
4163,1
4164,1
4165,0
4166,0
4167,0
4168,0
4169,1
4170,1
4171,1
4172,0
4173,1
4174,0
4175,1
4176,0
4177,0
4178,1
4179,1
4180,1
4181,1
4182,0
4183,1
4184,1
4185,0
4186,1
4187,0
4188,0
4189,0
4190,1
4191,1
4192,1
4193,1
4194,1
4195,1
4196,1
4197,0
4198,1
4199,1
4200,1
4201,1
4202,1
4203,0
4204,1
4205,1
4206,1
4207,1
4208,1
4209,1
4210,1
4211,1
4212,0
4213,1
4214,1
4215,0
4216,0
4217,1
4218,0
4219,1
4220,1
4221,0
4222,1
4223,0
4224,1
4225,1
4226,1
4227,1
4228,0
4229,1
4230,1
4231,1
4232,0
4233,0
4234,0
4235,1
4236,1
4237,1
4238,1
4239,0
4240,0
4241,1
4242,0
4243,0
4244,1
4245,1
4246,0
4247,1
4248,0
4249,1
4250,0
4251,1
4252,0
4253,1
4254,0
4255,0
4256,1
4257,0
4258,1
4259,1
4260,1
4261,1
4262,0
4263,0
4264,0
4265,1
4266,1
4267,1
4268,0
4269,1
4270,0
4271,1
4272,1
4273,0
4274,1
4275,0
4276,1
4277,0
4278,1
4279,0
4280,1
4281,1
4282,1
4283,1
4284,1
4285,1
4286,0
4287,1
4288,1
4289,1
4290,1
4291,0
4292,1
4293,0
4294,1
4295,0
4296,1
4297,1
4298,1
4299,1
4300,1
4301,0
4302,1
4303,1
4304,1
4305,0
4306,1
4307,0
4308,1
4309,1
4310,0
4311,0
4312,1
4313,0
4314,1
4315,1
4316,0
4317,1
4318,1
4319,1
4320,1
4321,1
4322,0
4323,1
4324,1
4325,0
4326,1
4327,0
4328,1
4329,0
4330,1
4331,1
4332,0
4333,0
4334,1
4335,0
4336,1
4337,1
4338,0
4339,0
4340,1
4341,1
4342,0
4343,1
4344,1
4345,1
4346,1
4347,0
4348,1
4349,0
4350,1
4351,0
4352,0
4353,1
4354,0
4355,0
4356,1
4357,0
4358,0
4359,1
4360,0
4361,1
4362,0
4363,1
4364,1
4365,1
4366,1
4367,0
4368,1
4369,1
4370,1
4371,1
4372,1
4373,1
4374,0
4375,1
4376,1
4377,1
4378,1
4379,1
4380,1
4381,0
4382,1
4383,1
4384,0
4385,1
4386,1
4387,0
4388,1
4389,1
4390,1
4391,0
4392,1
4393,1
4394,0
4395,0
4396,1
4397,1
4398,1
4399,0
4400,1
4401,1
4402,1
4403,1
4404,1
4405,0
4406,1
4407,1
4408,0
4409,1
4410,0
4411,1
4412,0
4413,1
4414,1
4415,1
4416,1
4417,1
4418,1
4419,1
4420,1
4421,1
4422,1
4423,1
4424,1
4425,1
4426,1
4427,1
4428,1
4429,1
4430,1
4431,1
4432,1
4433,0
4434,0
4435,1
4436,1
4437,0
4438,1
4439,0
4440,1
4441,0
4442,0
4443,1
4444,1
4445,1
4446,1
4447,0
4448,0
4449,0
4450,1
4451,1
4452,0
4453,0
4454,0
4455,1
4456,0
4457,1
4458,0
4459,1
4460,0
4461,0
4462,1
4463,1
4464,0
4465,0
4466,1
4467,1
4468,1
4469,1
4470,1
4471,0
4472,1
4473,1
4474,0
4475,0
4476,1
4477,0
4478,0
4479,0
4480,1
4481,1
4482,1
4483,1
4484,0
4485,1
4486,1
4487,1
4488,1
4489,1
4490,1
4491,0
4492,1
4493,1
4494,1
4495,1
4496,0
4497,0
4498,1
4499,1
4500,1
4501,0
4502,0
4503,0
4504,0
4505,1
4506,1
4507,1
4508,0
4509,1
4510,1
4511,1
4512,1
4513,1
4514,1
4515,0
4516,0
4517,1
4518,1
4519,0
4520,1
4521,1
4522,0
4523,1
4524,1
4525,0
4526,0
4527,0
4528,1
4529,1
4530,1
4531,0
4532,1
4533,1
4534,0
4535,1
4536,1
4537,0
4538,1
4539,1
4540,1
4541,0
4542,1
4543,1
4544,1
4545,1
4546,1
4547,1
4548,1
4549,1
4550,1
4551,1
4552,0
4553,0
4554,0
4555,1
4556,0
4557,0
4558,1
4559,0
4560,0
4561,0
4562,1
4563,1
4564,1
4565,1
4566,0
4567,1
4568,1
4569,0
4570,1
4571,1
4572,1
4573,1
4574,0
4575,0
4576,0
4577,1
4578,0
4579,1
4580,1
4581,1
4582,0
4583,1
4584,0
4585,1
4586,1
4587,1
4588,1
4589,1
4590,0
4591,1
4592,1
4593,1
4594,1
4595,0
4596,0
4597,1
4598,1
4599,0
4600,1
4601,1
4602,1
4603,0
4604,1
4605,1
4606,0
4607,1
4608,1
4609,1
4610,1
4611,1
4612,1
4613,1
4614,1
4615,1
4616,0
4617,1
4618,0
4619,1
4620,0
4621,1
4622,1
4623,0
4624,0
4625,1
4626,1
4627,1
4628,1
4629,1
4630,1
4631,1
4632,1
4633,1
4634,1
4635,1
4636,1
4637,1
4638,1
4639,1
4640,0
4641,1
4642,1
4643,0
4644,1
4645,0
4646,1
4647,1
4648,1
4649,1
4650,1
4651,1
4652,1
4653,0
4654,1
4655,1
4656,0
4657,1
4658,0
4659,1
4660,1
4661,1
4662,0
4663,0
4664,1
4665,0
4666,1
4667,1
4668,1
4669,0
4670,0
4671,1
4672,1
4673,1
4674,1
4675,1
4676,1
4677,1
4678,1
4679,1
4680,0
4681,0
4682,1
4683,0
4684,1
4685,1
4686,1
4687,0
4688,0
4689,1
4690,1
4691,1
4692,0
4693,1
4694,1
4695,1
4696,0
4697,1
4698,1
4699,0
4700,1
4701,1
4702,1
4703,1
4704,1
4705,0
4706,1
4707,0
4708,1
4709,0
4710,1
4711,1
4712,0
4713,1
4714,0
4715,1
4716,1
4717,1
4718,1
4719,1
4720,1
4721,1
4722,1
4723,1
4724,1
4725,1
4726,0
4727,1
4728,0
4729,1
4730,1
4731,1
4732,1
4733,1
4734,0
4735,1
4736,1
4737,0
4738,0
4739,1
4740,1
4741,1
4742,0
4743,1
4744,0
4745,1
4746,1
4747,0
4748,0
4749,0
4750,1
4751,0
4752,1
4753,1
4754,1
4755,1
4756,1
4757,1
4758,1
4759,0
4760,1
4761,1
4762,0
4763,1
4764,0
4765,0
4766,0
4767,1
4768,1
4769,1
4770,0
4771,1
4772,0
4773,1
4774,1
4775,1
4776,0
4777,1
4778,0
4779,1
4780,1
4781,0
4782,1
4783,1
4784,1
4785,0
4786,0
4787,1
4788,0
4789,1
4790,1
4791,0
4792,1
4793,1
4794,1
4795,1
4796,0
4797,0
4798,0
4799,1
4800,1
4801,1
4802,0
4803,1
4804,1
4805,1
4806,1
4807,1
4808,1
4809,1
4810,1
4811,0
4812,0
4813,1
4814,1
4815,1
4816,1
4817,0
4818,1
4819,1
4820,1
4821,1
4822,1
4823,0
4824,0
4825,1
4826,1
4827,1
4828,1
4829,1
4830,0
4831,0
4832,0
4833,1
4834,1
4835,0
4836,0
4837,1
4838,1
4839,1
4840,0
4841,0
4842,0
4843,1
4844,0
4845,1
4846,1
4847,1
4848,1
4849,1
4850,1
4851,1
4852,1
4853,1
4854,1
4855,0
4856,0
4857,0
4858,0
4859,1
4860,1
4861,1
4862,0
4863,1
4864,0
4865,1
4866,1
4867,1
4868,0
4869,1
4870,1
4871,1
4872,1
4873,0
4874,1
4875,1
4876,1
4877,1
4878,0
4879,0
4880,1
4881,1
4882,1
4883,1
4884,1
4885,1
4886,1
4887,1
4888,0
4889,1
4890,1
4891,1
4892,1
4893,1
4894,1
4895,1
4896,1
4897,1
4898,1
4899,1
4900,0
4901,1
4902,0
4903,0
4904,1
4905,1
4906,0
4907,1
4908,1
4909,1
4910,1
4911,0
4912,0
4913,1
4914,1
4915,1
4916,1
4917,1
4918,0
4919,1
4920,1
4921,1
4922,1
4923,0
4924,1
4925,1
4926,1
4927,1
4928,1
4929,0
4930,0
4931,1
4932,0
4933,0
4934,1
4935,1
4936,0
4937,1
4938,1
4939,1
4940,0
4941,1
4942,1
4943,1
4944,1
4945,1
4946,0
4947,1
4948,1
4949,0
4950,0
4951,0
4952,0
4953,1
4954,1
4955,1
4956,1
4957,1
4958,1
4959,0
4960,0
4961,1
4962,0
4963,0
4964,0
4965,0
4966,0
4967,1
4968,1
4969,1
4970,1
4971,1
4972,1
4973,1
4974,1
4975,1
4976,1
4977,1
4978,0
4979,0
4980,1
4981,0
4982,0
4983,1
4984,1
4985,1
4986,0
4987,1
4988,0
4989,1
4990,1
4991,1
4992,1
4993,1
4994,1
4995,1
4996,1
4997,0
4998,1
4999,1
5000,0
5001,1
5002,0
5003,1
5004,1
5005,1
5006,1
5007,0
5008,1
5009,0
5010,1
5011,1
5012,1
5013,0
5014,1
5015,1
5016,1
5017,0
5018,1
5019,0
5020,0
5021,1
5022,1
5023,1
5024,1
5025,1
5026,1
5027,0
5028,1
5029,0
5030,1
5031,1
5032,1
5033,0
5034,1
5035,1
5036,1
5037,1
5038,1
5039,1
5040,0
5041,1
5042,1
5043,0
5044,0
5045,1
5046,0
5047,1
5048,0
5049,1
5050,1
5051,1
5052,1
5053,1
5054,1
5055,0
5056,0
5057,0
5058,1
5059,1
5060,0
5061,1
5062,1
5063,1
5064,1
5065,1
5066,1
5067,0
5068,1
5069,1
5070,0
5071,1
5072,1
5073,1
5074,0
5075,0
5076,0
5077,0
5078,0
5079,1
5080,1
5081,1
5082,0
5083,1
5084,0
5085,1
5086,0
5087,1
5088,1
5089,1
5090,1
5091,1
5092,1
5093,1
5094,1
5095,1
5096,1
5097,0
5098,1
5099,1
5100,1
5101,0
5102,0
5103,1
5104,1
5105,1
5106,0
5107,1
5108,0
5109,0
5110,1
5111,0
5112,1
5113,1
5114,0
5115,1
5116,1
5117,1
5118,1
5119,0
5120,0
5121,0
5122,0
5123,1
5124,1
5125,1
5126,1
5127,1
5128,1
5129,1
5130,1
5131,0
5132,1
5133,1
5134,1
5135,1
5136,1
5137,0
5138,1
5139,1
5140,0
5141,1
5142,1
5143,0
5144,0
5145,0
5146,1
5147,0
5148,1
5149,0
5150,1
5151,0
5152,0
5153,0
5154,1
5155,1
5156,1
5157,0
5158,1
5159,0
5160,1
5161,0
5162,0
5163,1
5164,0
5165,0
5166,1
5167,0
5168,1
5169,0
5170,0
5171,1
5172,1
5173,1
5174,1
5175,0
5176,1
5177,1
5178,1
5179,1
5180,1
5181,0
5182,1
5183,0
5184,1
5185,0
5186,0
5187,0
5188,1
5189,1
5190,0
5191,0
5192,1
5193,0
5194,1
5195,1
5196,1
5197,0
5198,1
5199,0
5200,0
5201,0
5202,0
5203,1
5204,1
5205,1
5206,0
5207,0
5208,1
5209,0
5210,1
5211,0
5212,1
5213,1
5214,0
5215,0
5216,1
5217,1
5218,1
5219,1
5220,0
5221,1
5222,0
5223,0
5224,1
5225,1
5226,1
5227,1
5228,0
5229,0
5230,1
5231,0
5232,0
5233,0
5234,0
5235,0
5236,0
5237,1
5238,1
5239,1
5240,1
5241,1
5242,1
5243,1
5244,1
5245,0
5246,1
5247,0
5248,1
5249,1
5250,1
5251,1
5252,0
5253,1
5254,1
5255,0
5256,1
5257,0
5258,1
5259,1
5260,1
5261,0
5262,1
5263,0
5264,0
5265,0
5266,1
5267,1
5268,1
5269,1
5270,1
5271,0
5272,1
5273,1
5274,0
5275,1
5276,1
5277,0
5278,1
5279,0
5280,0
5281,1
5282,0
5283,1
5284,1
5285,0
5286,1
5287,1
5288,1
5289,1
5290,1
5291,1
5292,1
5293,0
5294,1
5295,1
5296,0
5297,1
5298,1
5299,1
5300,1
5301,0
5302,0
5303,1
5304,0
5305,0
5306,0
5307,0
5308,1
5309,1
5310,1
5311,1
5312,1
5313,0
5314,1
5315,1
5316,1
5317,1
5318,1
5319,1
5320,1
5321,1
5322,0
5323,1
5324,0
5325,0
5326,1
5327,1
5328,1
5329,0
5330,1
5331,1
5332,1
5333,0
5334,1
5335,1
5336,1
5337,1
5338,1
5339,0
5340,1
5341,1
5342,1
5343,0
5344,1
5345,0
5346,1
5347,1
5348,1
5349,0
5350,1
5351,1
5352,0
5353,1
5354,1
5355,1
5356,1
5357,1
5358,1
5359,1
5360,1
5361,1
5362,1
5363,0
5364,1
5365,1
5366,1
5367,0
5368,1
5369,0
5370,0
5371,0
5372,0
5373,0
5374,1
5375,1
5376,1
5377,1
5378,1
5379,1
5380,1
5381,1
5382,1
5383,0
5384,0
5385,0
5386,1
5387,0
5388,0
5389,1
5390,1
5391,1
5392,1
5393,1
5394,1
5395,0
5396,1
5397,0
5398,1
5399,0
5400,0
5401,1
5402,0
5403,1
5404,1
5405,1
5406,1
5407,0
5408,0
5409,0
5410,0
5411,1
5412,1
5413,0
5414,1
5415,0
5416,1
5417,0
5418,1
5419,0
5420,1
5421,0
5422,1
5423,0
5424,1
5425,0
5426,1
5427,1
5428,1
5429,0
5430,1
5431,1
5432,1
5433,1
5434,1
5435,1
5436,1
5437,0
5438,0
5439,1
5440,1
5441,0
5442,1
5443,0
5444,1
5445,1
5446,1
5447,0
5448,0
5449,1
5450,1
5451,0
5452,0
5453,1
5454,1
5455,1
5456,1
5457,1
5458,0
5459,1
5460,0
5461,1
5462,1
5463,0
5464,1
5465,1
5466,0
5467,1
5468,1
5469,0
5470,1
5471,1
5472,1
5473,1
5474,1
5475,0
5476,1
5477,1
5478,1
5479,0
5480,0
5481,1
5482,1
5483,1
5484,1
5485,1
5486,1
5487,1
5488,0
5489,0
5490,0
5491,1
5492,0
5493,1
5494,1
5495,1
5496,1
5497,1
5498,0
5499,1
5500,0
5501,0
5502,1
5503,1
5504,1
5505,1
5506,0
5507,0
5508,1
5509,0
5510,1
5511,0
5512,1
5513,0
5514,1
5515,1
5516,0
5517,1
5518,0
5519,1
5520,0
5521,1
5522,1
5523,0
5524,1
5525,1
5526,1
5527,0
5528,1
5529,0
5530,1
5531,1
5532,1
5533,1
5534,0
5535,0
5536,1
5537,0
5538,1
5539,0
5540,1
5541,1
5542,0
5543,1
5544,1
5545,1
5546,1
5547,0
5548,1
5549,1
5550,1
5551,1
5552,1
5553,1
5554,1
5555,1
5556,1
5557,0
5558,1
5559,1
5560,0
5561,0
5562,1
5563,1
5564,0
5565,1
5566,0
5567,1
5568,1
5569,0
5570,0
5571,1
5572,1
5573,0
5574,1
5575,0
5576,1
5577,1
5578,1
5579,1
5580,0
5581,1
5582,1
5583,1
5584,1
5585,1
5586,1
5587,1
5588,0
5589,0
5590,1
5591,0
5592,0
5593,1
5594,1
5595,0
5596,1
5597,0
5598,1
5599,1
5600,1
5601,1
5602,1
5603,0
5604,0
5605,0
5606,0
5607,1
5608,0
5609,1
5610,0
5611,1
5612,1
5613,0
5614,0
5615,1
5616,0
5617,1
5618,1
5619,1
5620,1
5621,1
5622,0
5623,1
5624,0
5625,1
5626,1
5627,0
5628,1
5629,1
5630,1
5631,1
5632,1
5633,0
5634,1
5635,1
5636,0
5637,1
5638,1
5639,1
5640,1
5641,0
5642,0
5643,1
5644,0
5645,1
5646,1
5647,0
5648,0
5649,1
5650,0
5651,1
5652,1
5653,1
5654,0
5655,0
5656,1
5657,1
5658,1
5659,1
5660,1
5661,1
5662,1
5663,0
5664,1
5665,1
5666,1
5667,1
5668,1
5669,1
5670,1
5671,1
5672,1
5673,1
5674,1
5675,0
5676,1
5677,0
5678,0
5679,1
5680,1
5681,0
5682,1
5683,0
5684,0
5685,1
5686,1
5687,1
5688,0
5689,1
5690,1
5691,1
5692,0
5693,1
5694,1
5695,0
5696,0
5697,1
5698,1
5699,1
5700,1
5701,1
5702,1
5703,1
5704,1
5705,1
5706,1
5707,1
5708,0
5709,1
5710,1
5711,1
5712,1
5713,0
5714,0
5715,1
5716,1
5717,1
5718,1
5719,1
5720,0
5721,1
5722,1
5723,1
5724,1
5725,0
5726,1
5727,1
5728,1
5729,1
5730,0
5731,0
5732,1
5733,1
5734,0
5735,1
5736,1
5737,0
5738,0
5739,1
5740,1
5741,1
5742,1
5743,0
5744,0
5745,0
5746,1
5747,1
5748,0
5749,1
5750,1
5751,1
5752,1
5753,1
5754,0
5755,1
5756,1
5757,0
5758,1
5759,1
5760,0
5761,0
5762,1
5763,0
5764,0
5765,1
5766,1
5767,0
5768,1
5769,1
5770,1
5771,1
5772,1
5773,0
5774,1
5775,0
5776,1
5777,0
5778,1
5779,1
5780,1
5781,0
5782,1
5783,0
5784,0
5785,0
5786,1
5787,1
5788,1
5789,0
5790,1
5791,0
5792,1
5793,1
5794,0
5795,1
5796,0
5797,1
5798,1
5799,0
5800,1
5801,0
5802,1
5803,1
5804,0
5805,1
5806,1
5807,0
5808,1
5809,1
5810,1
5811,0
5812,1
5813,1
5814,1
5815,1
5816,0
5817,1
5818,0
5819,1
5820,1
5821,1
5822,0
5823,0
5824,1
5825,0
5826,1
5827,0
5828,0
5829,1
5830,1
5831,0
5832,0
5833,1
5834,0
5835,1
5836,1
5837,1
5838,1
5839,1
5840,1
5841,1
5842,1
5843,1
5844,0
5845,1
5846,1
5847,1
5848,1
5849,1
5850,1
5851,1
5852,0
5853,1
5854,1
5855,1
5856,1
5857,1
5858,1
5859,1
5860,1
5861,0
5862,1
5863,0
5864,1
5865,1
5866,1
5867,0
5868,0
5869,0
5870,0
5871,1
5872,0
5873,1
5874,1
5875,1
5876,1
5877,1
5878,1
5879,1
5880,1
5881,0
5882,1
5883,1
5884,1
5885,0
5886,1
5887,1
5888,1
5889,1
5890,1
5891,1
5892,1
5893,1
5894,0
5895,1
5896,1
5897,1
5898,1
5899,1
5900,1
5901,1
5902,1
5903,1
5904,1
5905,1
5906,1
5907,1
5908,1
5909,1
5910,0
5911,1
5912,1
5913,0
5914,1
5915,1
5916,1
5917,1
5918,1
5919,1
5920,1
5921,1
5922,1
5923,0
5924,1
5925,0
5926,1
5927,1
5928,1
5929,0
5930,0
5931,1
5932,0
5933,0
5934,1
5935,0
5936,1
5937,1
5938,1
5939,1
5940,1
5941,0
5942,1
5943,0
5944,0
5945,1
5946,1
5947,0
5948,1
5949,0
5950,1
5951,1
5952,1
5953,0
5954,1
5955,1
5956,1
5957,1
5958,0
5959,0
5960,0
5961,1
5962,1
5963,0
5964,1
5965,1
5966,0
5967,0
5968,1
5969,1
5970,0
5971,0
5972,0
5973,1
5974,1
5975,1
5976,0
5977,1
5978,0
5979,0
5980,1
5981,0
5982,0
5983,1
5984,1
5985,0
5986,1
5987,0
5988,1
5989,1
5990,0
5991,1
5992,1
5993,1
5994,1
5995,1
5996,1
5997,0
5998,0
5999,1
6000,1
6001,0
6002,1
6003,1
6004,1
6005,0
6006,1
6007,0
6008,0
6009,1
6010,1
6011,1
6012,1
6013,0
6014,0
6015,1
6016,0
6017,0
6018,1
6019,1
6020,0
6021,1
6022,1
6023,1
6024,1
6025,1
6026,0
6027,1
6028,0
6029,0
6030,1
6031,1
6032,1
6033,1
6034,1
6035,1
6036,0
6037,1
6038,1
6039,1
6040,1
6041,1
6042,0
6043,1
6044,1
6045,0
6046,0
6047,1
6048,1
6049,1
6050,1
6051,0
6052,1
6053,1
6054,1
6055,0
6056,1
6057,0
6058,1
6059,0
6060,1
6061,0
6062,1
6063,1
6064,1
6065,0
6066,0
6067,1
6068,1
6069,0
6070,1
6071,1
6072,1
6073,1
6074,0
6075,0
6076,0
6077,1
6078,1
6079,1
6080,1
6081,1
6082,0
6083,1
6084,1
6085,0
6086,0
6087,1
6088,1
6089,1
6090,1
6091,1
6092,0
6093,1
6094,1
6095,0
6096,1
6097,1
6098,1
6099,1
6100,1
6101,0
6102,1
6103,0
6104,1
6105,1
6106,0
6107,1
6108,0
6109,0
6110,1
6111,1
6112,1
6113,1
6114,1
6115,1
6116,0
6117,1
6118,1
6119,0
6120,1
6121,1
6122,1
6123,0
6124,0
6125,1
6126,1
6127,1
6128,0
6129,1
6130,1
6131,1
6132,1
6133,0
6134,0
6135,0
6136,1
6137,1
6138,0
6139,0
6140,1
6141,0
6142,1
6143,1
6144,0
6145,1
6146,1
6147,1
6148,0
6149,1
6150,1
6151,1
6152,1
6153,0
6154,1
6155,1
6156,1
6157,0
6158,1
6159,1
